Chopping_0.mp3, ,
Chopping_1.mp3, ,
Chopping_10.mp3, ,
Chopping_11.mp3, ,
Chopping_2.mp3, ,
Chopping_3.mp3, ,
Chopping_4.mp3, ,
Chopping_5.mp3, ,
Chopping_6.mp3, ,
Chopping_7.mp3, ,
Chopping_8.mp3, ,
Chopping_9.mp3, ,
IndoorCrowd_0.mp3, ,
IndoorCrowd_1.mp3, ,
IndoorCrowd_10.mp3, ,
IndoorCrowd_11.mp3, ,
IndoorCrowd_12.mp3, ,
IndoorCrowd_13.mp3, ,
IndoorCrowd_14.mp3, ,
IndoorCrowd_15.mp3, ,
IndoorCrowd_16.mp3, ,
IndoorCrowd_17.mp3, ,
IndoorCrowd_18.mp3, ,
IndoorCrowd_19.mp3, ,
IndoorCrowd_2.mp3, ,
IndoorCrowd_20.mp3, ,
IndoorCrowd_21.mp3, ,
IndoorCrowd_22.mp3, ,
IndoorCrowd_23.mp3, ,
IndoorCrowd_24.mp3, ,
IndoorCrowd_25.mp3, ,
IndoorCrowd_26.mp3, ,
IndoorCrowd_3.mp3, ,
IndoorCrowd_4.mp3, ,
IndoorCrowd_5.mp3, ,
IndoorCrowd_6.mp3, ,
IndoorCrowd_7.mp3, ,
IndoorCrowd_8.mp3, ,
IndoorCrowd_9.mp3, ,
IndoorWalk_0.mp3, ,
IndoorWalk_1.mp3, ,
IndoorWalk_10.mp3, ,
IndoorWalk_11.mp3, ,
IndoorWalk_12.mp3, ,
IndoorWalk_2.mp3, ,
IndoorWalk_3.mp3, ,
IndoorWalk_4.mp3, ,
IndoorWalk_5.mp3, ,
IndoorWalk_6.mp3, ,
IndoorWalk_7.mp3, ,
IndoorWalk_8.mp3, ,
IndoorWalk_9.mp3, ,
OutdoorWalk_0.mp3, ,
OutdoorWalk_1.mp3, ,
OutdoorWalk_10.mp3, ,
OutdoorWalk_11.mp3, ,
OutdoorWalk_12.mp3, ,
OutdoorWalk_13.mp3, ,
OutdoorWalk_14.mp3, ,
OutdoorWalk_15.mp3, ,
OutdoorWalk_16.mp3, ,
OutdoorWalk_17.mp3, ,
OutdoorWalk_18.mp3, ,
OutdoorWalk_19.mp3, ,
OutdoorWalk_2.mp3, ,
OutdoorWalk_20.mp3, ,
OutdoorWalk_21.mp3, ,
OutdoorWalk_22.mp3, ,
OutdoorWalk_23.mp3, ,
OutdoorWalk_24.mp3, ,
OutdoorWalk_25.mp3, ,
OutdoorWalk_26.mp3, ,
OutdoorWalk_27.mp3, ,
OutdoorWalk_28.mp3, ,
OutdoorWalk_29.mp3, ,
OutdoorWalk_3.mp3, ,
OutdoorWalk_30.mp3, ,
OutdoorWalk_31.mp3, ,
OutdoorWalk_32.mp3, ,
OutdoorWalk_33.mp3, ,
OutdoorWalk_34.mp3, ,
OutdoorWalk_35.mp3, ,
OutdoorWalk_36.mp3, ,
OutdoorWalk_37.mp3, ,
OutdoorWalk_38.mp3, ,
OutdoorWalk_39.mp3, ,
OutdoorWalk_4.mp3, ,
OutdoorWalk_40.mp3, ,
OutdoorWalk_41.mp3, ,
OutdoorWalk_42.mp3, ,
OutdoorWalk_43.mp3, ,
OutdoorWalk_44.mp3, ,
OutdoorWalk_45.mp3, ,
OutdoorWalk_46.mp3, ,
OutdoorWalk_47.mp3, ,
OutdoorWalk_48.mp3, ,
OutdoorWalk_49.mp3, ,
OutdoorWalk_5.mp3, ,
OutdoorWalk_50.mp3, ,
OutdoorWalk_51.mp3, ,
OutdoorWalk_52.mp3, ,
OutdoorWalk_53.mp3, ,
OutdoorWalk_54.mp3, ,
OutdoorWalk_55.mp3, ,
OutdoorWalk_56.mp3, ,
OutdoorWalk_57.mp3, ,
OutdoorWalk_6.mp3, ,
OutdoorWalk_7.mp3, ,
OutdoorWalk_8.mp3, ,
OutdoorWalk_9.mp3, ,
Typing_0.mp3, ,
Typing_1.mp3, ,
Typing_10.mp3, ,
Typing_11.mp3, ,
Typing_12.mp3, ,
Typing_13.mp3, ,
Typing_14.mp3, ,
Typing_15.mp3, ,
Typing_16.mp3, ,
Typing_17.mp3, ,
Typing_18.mp3, ,
Typing_2.mp3, ,
Typing_3.mp3, ,
Typing_4.mp3, ,
Typing_5.mp3, ,
Typing_6.mp3, ,
Typing_7.mp3, ,
Typing_8.mp3, ,
Typing_9.mp3, ,
Utencil_0.mp3, ,
Utencil_1.mp3, ,
Utencil_10.mp3, ,
Utencil_11.mp3, ,
Utencil_2.mp3, ,
Utencil_3.mp3, ,
Utencil_4.mp3, ,
Utencil_5.mp3, ,
Utencil_6.mp3, ,
Utencil_7.mp3, ,
Utencil_8.mp3, ,
Utencil_9.mp3, ,