Chopping_0.wav,Chopping
Chopping_1.wav,Chopping
Chopping_10.wav,Chopping
Chopping_11.wav,Chopping
Chopping_2.wav,Chopping
Chopping_3.wav,Chopping
Chopping_4.wav,Chopping
Chopping_5.wav,Chopping
Chopping_6.wav,Chopping
Chopping_7.wav,Chopping
Chopping_8.wav,Chopping
Chopping_9.wav,Chopping
IndoorCrowd_0.wav,IndoorCrowd 
IndoorCrowd_1.wav,IndoorCrowd 
IndoorCrowd_10.wav,IndoorCrowd 
IndoorCrowd_11.wav,IndoorCrowd 
IndoorCrowd_12.wav,IndoorCrowd 
IndoorCrowd_13.wav,IndoorCrowd 
IndoorCrowd_14.wav,IndoorCrowd 
IndoorCrowd_15.wav,IndoorCrowd 
IndoorCrowd_16.wav,IndoorCrowd 
IndoorCrowd_17.wav,IndoorCrowd 
IndoorCrowd_18.wav,IndoorCrowd 
IndoorCrowd_19.wav,IndoorCrowd 
IndoorCrowd_2.wav,IndoorCrowd 
IndoorCrowd_20.wav,IndoorCrowd 
IndoorCrowd_21.wav,IndoorCrowd 
IndoorCrowd_22.wav,IndoorCrowd 
IndoorCrowd_23.wav,IndoorCrowd 
IndoorCrowd_24.wav,IndoorCrowd 
IndoorCrowd_25.wav,IndoorCrowd 
IndoorCrowd_26.wav,IndoorCrowd 
IndoorCrowd_3.wav,IndoorCrowd 
IndoorCrowd_4.wav,IndoorCrowd 
IndoorCrowd_5.wav,IndoorCrowd 
IndoorCrowd_6.wav,IndoorCrowd 
IndoorCrowd_7.wav,IndoorCrowd 
IndoorCrowd_8.wav,IndoorCrowd 
IndoorCrowd_9.wav,IndoorCrowd 
IndoorWalk_0.wav,IndoorWalk
IndoorWalk_1.wav,IndoorWalk
IndoorWalk_10.wav,IndoorWalk
IndoorWalk_11.wav,IndoorWalk
IndoorWalk_12.wav,IndoorWalk
IndoorWalk_2.wav,IndoorWalk
IndoorWalk_3.wav,IndoorWalk
IndoorWalk_4.wav,IndoorWalk
IndoorWalk_5.wav,IndoorWalk
IndoorWalk_6.wav,IndoorWalk
IndoorWalk_7.wav,IndoorWalk
IndoorWalk_8.wav,IndoorWalk
IndoorWalk_9.wav,IndoorWalk
OutdoorWalk_0.wav, OutdoorWalk
OutdoorWalk_1.wav, OutdoorWalk
OutdoorWalk_10.wav, OutdoorWalk
OutdoorWalk_11.wav, OutdoorWalk
OutdoorWalk_12.wav, OutdoorWalk
OutdoorWalk_13.wav, OutdoorWalk
OutdoorWalk_14.wav, OutdoorWalk
OutdoorWalk_15.wav, OutdoorWalk
OutdoorWalk_16.wav, OutdoorWalk
OutdoorWalk_17.wav, OutdoorWalk
OutdoorWalk_18.wav, OutdoorWalk
OutdoorWalk_19.wav, OutdoorWalk
OutdoorWalk_2.wav, OutdoorWalk
OutdoorWalk_20.wav, OutdoorWalk
OutdoorWalk_21.wav, OutdoorWalk
OutdoorWalk_22.wav, OutdoorWalk
OutdoorWalk_23.wav, OutdoorWalk
OutdoorWalk_24.wav, OutdoorWalk
OutdoorWalk_25.wav, OutdoorWalk
OutdoorWalk_26.wav, OutdoorWalk
OutdoorWalk_27.wav, OutdoorWalk
OutdoorWalk_28.wav, OutdoorWalk
OutdoorWalk_29.wav, OutdoorWalk
OutdoorWalk_3.wav, OutdoorWalk
OutdoorWalk_30.wav, OutdoorWalk
OutdoorWalk_31.wav, OutdoorWalk
OutdoorWalk_32.wav, OutdoorWalk
OutdoorWalk_33.wav, OutdoorWalk
OutdoorWalk_34.wav, OutdoorWalk
OutdoorWalk_35.wav, OutdoorWalk
OutdoorWalk_36.wav, OutdoorWalk
OutdoorWalk_37.wav, OutdoorWalk
OutdoorWalk_38.wav, OutdoorWalk
OutdoorWalk_39.wav, OutdoorWalk
OutdoorWalk_4.wav, OutdoorWalk
OutdoorWalk_40.wav, OutdoorWalk
OutdoorWalk_41.wav, OutdoorWalk
OutdoorWalk_42.wav, OutdoorWalk
OutdoorWalk_43.wav, OutdoorWalk
OutdoorWalk_44.wav, OutdoorWalk
OutdoorWalk_45.wav, OutdoorWalk
OutdoorWalk_46.wav, OutdoorWalk
OutdoorWalk_47.wav, OutdoorWalk
OutdoorWalk_48.wav, OutdoorWalk
OutdoorWalk_49.wav, OutdoorWalk
OutdoorWalk_5.wav, OutdoorWalk
OutdoorWalk_50.wav, OutdoorWalk
OutdoorWalk_51.wav, OutdoorWalk
OutdoorWalk_52.wav, OutdoorWalk
OutdoorWalk_53.wav, OutdoorWalk
OutdoorWalk_54.wav, OutdoorWalk
OutdoorWalk_55.wav, OutdoorWalk
OutdoorWalk_56.wav, OutdoorWalk
OutdoorWalk_57.wav, OutdoorWalk
OutdoorWalk_6.wav, OutdoorWalk
OutdoorWalk_7.wav, OutdoorWalk
OutdoorWalk_8.wav, OutdoorWalk
OutdoorWalk_9.wav, OutdoorWalk
Typing_0.wav, Typing
Typing_1.wav, Typing
Typing_10.wav, Typing
Typing_11.wav, Typing
Typing_12.wav, Typing
Typing_13.wav, Typing
Typing_14.wav, Typing
Typing_15.wav, Typing
Typing_16.wav, Typing
Typing_17.wav, Typing
Typing_18.wav, Typing
Typing_2.wav, Typing
Typing_3.wav, Typing
Typing_4.wav, Typing
Typing_5.wav, Typing
Typing_6.wav, Typing
Typing_7.wav, Typing
Typing_8.wav, Typing
Typing_9.wav, Typing
Utencil_0.wav, Utencil
Utencil_1.wav, Utencil
Utencil_10.wav, Utencil
Utencil_11.wav, Utencil
Utencil_2.wav, Utencil
Utencil_3.wav, Utencil
Utencil_4.wav, Utencil
Utencil_5.wav, Utencil
Utencil_6.wav, Utencil
Utencil_7.wav, Utencil
Utencil_8.wav, Utencil
Utencil_9.wav, Utencil