Chopping_0.mp3, Chopping
Chopping_1.mp3, Chopping
Chopping_10.mp3, Chopping
Chopping_11.mp3, Chopping
Chopping_2.mp3, Chopping
Chopping_3.mp3, Chopping
Chopping_4.mp3, Chopping
Chopping_5.mp3, Chopping
Chopping_6.mp3, Chopping
Chopping_7.mp3, Chopping
Chopping_8.mp3, Chopping
Chopping_9.mp3, Chopping
IndoorCrowd_0.mp3, IndoorCrowd
IndoorCrowd_1.mp3, IndoorCrowd
IndoorCrowd_10.mp3, IndoorCrowd
IndoorCrowd_11.mp3, IndoorCrowd
IndoorCrowd_12.mp3, IndoorCrowd
IndoorCrowd_13.mp3, IndoorCrowd
IndoorCrowd_14.mp3, IndoorCrowd
IndoorCrowd_15.mp3, IndoorCrowd
IndoorCrowd_16.mp3, IndoorCrowd
IndoorCrowd_17.mp3, IndoorCrowd
IndoorCrowd_18.mp3, IndoorCrowd
IndoorCrowd_19.mp3, IndoorCrowd
IndoorCrowd_2.mp3, IndoorCrowd
IndoorCrowd_20.mp3, IndoorCrowd
IndoorCrowd_21.mp3, IndoorCrowd
IndoorCrowd_22.mp3, IndoorCrowd
IndoorCrowd_23.mp3, IndoorCrowd
IndoorCrowd_24.mp3, IndoorCrowd
IndoorCrowd_25.mp3, IndoorCrowd
IndoorCrowd_26.mp3, IndoorCrowd
IndoorCrowd_3.mp3, IndoorCrowd
IndoorCrowd_4.mp3, IndoorCrowd
IndoorCrowd_5.mp3, IndoorCrowd
IndoorCrowd_6.mp3, IndoorCrowd
IndoorCrowd_7.mp3, IndoorCrowd
IndoorCrowd_8.mp3, IndoorCrowd
IndoorCrowd_9.mp3, IndoorCrowd
IndoorWalk_0.mp3,IndoorWalk
IndoorWalk_1.mp3,IndoorWalk
IndoorWalk_10.mp3,IndoorWalk
IndoorWalk_11.mp3,IndoorWalk
IndoorWalk_12.mp3,IndoorWalk
IndoorWalk_2.mp3,IndoorWalk
IndoorWalk_3.mp3,IndoorWalk
IndoorWalk_4.mp3,IndoorWalk
IndoorWalk_5.mp3,IndoorWalk
IndoorWalk_6.mp3,IndoorWalk
IndoorWalk_7.mp3,IndoorWalk
IndoorWalk_8.mp3,IndoorWalk
IndoorWalk_9.mp3,IndoorWalk
OutdoorWalk_0.mp3,OutdoorWalk
OutdoorWalk_1.mp3,OutdoorWalk
OutdoorWalk_10.mp3,OutdoorWalk
OutdoorWalk_11.mp3,OutdoorWalk
OutdoorWalk_12.mp3,OutdoorWalk
OutdoorWalk_13.mp3,OutdoorWalk
OutdoorWalk_14.mp3,OutdoorWalk
OutdoorWalk_15.mp3,OutdoorWalk
OutdoorWalk_16.mp3,OutdoorWalk
OutdoorWalk_17.mp3,OutdoorWalk
OutdoorWalk_18.mp3,OutdoorWalk
OutdoorWalk_19.mp3,OutdoorWalk
OutdoorWalk_2.mp3,OutdoorWalk
OutdoorWalk_20.mp3,OutdoorWalk
OutdoorWalk_21.mp3,OutdoorWalk
OutdoorWalk_22.mp3,OutdoorWalk
OutdoorWalk_23.mp3,OutdoorWalk
OutdoorWalk_24.mp3,OutdoorWalk
OutdoorWalk_25.mp3,OutdoorWalk
OutdoorWalk_26.mp3,OutdoorWalk
OutdoorWalk_27.mp3,OutdoorWalk
OutdoorWalk_28.mp3,OutdoorWalk
OutdoorWalk_29.mp3,OutdoorWalk
OutdoorWalk_3.mp3,OutdoorWalk
OutdoorWalk_30.mp3,OutdoorWalk
OutdoorWalk_31.mp3,OutdoorWalk
OutdoorWalk_32.mp3,OutdoorWalk
OutdoorWalk_33.mp3,OutdoorWalk
OutdoorWalk_34.mp3,OutdoorWalk
OutdoorWalk_35.mp3,OutdoorWalk
OutdoorWalk_36.mp3,OutdoorWalk
OutdoorWalk_37.mp3,OutdoorWalk
OutdoorWalk_38.mp3,OutdoorWalk
OutdoorWalk_39.mp3,OutdoorWalk
OutdoorWalk_4.mp3,OutdoorWalk
OutdoorWalk_40.mp3,OutdoorWalk
OutdoorWalk_41.mp3,OutdoorWalk
OutdoorWalk_42.mp3,OutdoorWalk
OutdoorWalk_43.mp3,OutdoorWalk
OutdoorWalk_44.mp3,OutdoorWalk
OutdoorWalk_45.mp3,OutdoorWalk
OutdoorWalk_46.mp3,OutdoorWalk
OutdoorWalk_47.mp3,OutdoorWalk
OutdoorWalk_48.mp3,OutdoorWalk
OutdoorWalk_49.mp3,OutdoorWalk
OutdoorWalk_5.mp3,OutdoorWalk
OutdoorWalk_50.mp3,OutdoorWalk
OutdoorWalk_51.mp3,OutdoorWalk
OutdoorWalk_52.mp3,OutdoorWalk
OutdoorWalk_53.mp3,OutdoorWalk
OutdoorWalk_54.mp3,OutdoorWalk
OutdoorWalk_55.mp3,OutdoorWalk
OutdoorWalk_56.mp3,OutdoorWalk
OutdoorWalk_57.mp3,OutdoorWalk
OutdoorWalk_6.mp3,OutdoorWalk
OutdoorWalk_7.mp3,OutdoorWalk
OutdoorWalk_8.mp3,OutdoorWalk
OutdoorWalk_9.mp3,OutdoorWalk
Typing_0.mp3, Typing
Typing_1.mp3, Typing
Typing_10.mp3, Typing
Typing_11.mp3, Typing
Typing_12.mp3, Typing
Typing_13.mp3, Typing
Typing_14.mp3, Typing
Typing_15.mp3, Typing
Typing_16.mp3, Typing
Typing_17.mp3, Typing
Typing_18.mp3, Typing
Typing_2.mp3, Typing
Typing_3.mp3, Typing
Typing_4.mp3, Typing
Typing_5.mp3, Typing
Typing_6.mp3, Typing
Typing_7.mp3, Typing
Typing_8.mp3, Typing
Typing_9.mp3, Typing
Utencil_0.mp3,Utencil
Utencil_1.mp3,Utencil
Utencil_10.mp3,Utencil
Utencil_11.mp3,Utencil
Utencil_2.mp3,Utencil
Utencil_3.mp3,Utencil
Utencil_4.mp3,Utencil
Utencil_5.mp3,Utencil
Utencil_6.mp3,Utencil
Utencil_7.mp3,Utencil
Utencil_8.mp3,Utencil
Utencil_9.mp3,Utencil